Elemento,Valor
Pacientes Totales,50
Pacientes Prioritarios,10
Médicos Totales,19
Días Totales,7

Tiempo de Ejecución (s),21.839848041534424
Valor de la Función Objetivo,10745389.699999671
Nodos utilizados,0.0

x[1|16|6|35],1.0
x[2|19|2|36],1.0
x[3|17|6|40],1.0
x[4|14|1|66],1.0
x[5|10|5|41],1.0
x[6|9|4|43],1.0
x[7|9|4|64],1.0
x[8|11|1|44],1.0
x[9|18|7|48],1.0
x[10|8|1|59],1.0
x[11|7|7|57],1.0
x[12|12|7|50],1.0
x[13|16|5|52],1.0
x[14|3|3|51],1.0
x[15|13|4|49],1.0
x[16|10|4|53],1.0
x[17|7|2|44],1.0
x[18|17|4|70],1.0
x[19|6|7|44],1.0
x[20|13|3|49],1.0
x[21|12|6|42],1.0
x[22|16|4|45],1.0
x[23|16|6|56],1.0
x[24|3|2|45],1.0
x[25|5|2|53],1.0
x[26|5|7|45],1.0
x[27|6|4|50],1.0
x[28|17|5|66],1.0
x[29|17|3|50],1.0
x[30|3|5|65],1.0
x[31|14|5|40],1.0
x[32|7|5|40],1.0
x[33|7|3|38],1.0
x[34|4|7|39],1.0
x[35|18|3|65],1.0
x[36|19|4|59],1.0
x[37|10|7|39],1.0
x[38|10|2|53],1.0
x[39|2|4|40],1.0
x[40|14|4|57],1.0
x[41|12|4|55],1.0
x[42|3|6|41],1.0
x[43|19|5|56],1.0
x[44|13|1|37],1.0
x[45|8|1|72],1.0
x[46|8|3|39],1.0
x[47|3|7|39],1.0
x[48|9|2|63],1.0
x[49|1|5|41],1.0
x[50|1|7|34],1.0
y[1|16|6|35],1.0
y[1|16|6|36],1.0
y[1|16|6|37],1.0
y[1|16|6|38],1.0
y[1|16|6|39],1.0
y[1|16|6|40],1.0
y[1|16|6|41],1.0
y[1|16|6|42],1.0
y[1|16|6|43],1.0
y[1|16|6|44],1.0
y[1|16|6|45],1.0
y[1|16|6|46],1.0
y[1|16|6|47],1.0
y[2|19|2|36],1.0
y[2|19|2|37],1.0
y[2|19|2|38],1.0
y[2|19|2|39],1.0
y[2|19|2|40],1.0
y[2|19|2|41],1.0
y[2|19|2|42],1.0
y[2|19|2|43],1.0
y[2|19|2|44],1.0
y[2|19|2|45],1.0
y[2|19|2|46],1.0
y[2|19|2|47],1.0
y[3|17|6|40],1.0
y[3|17|6|41],1.0
y[3|17|6|42],1.0
y[3|17|6|43],1.0
y[3|17|6|44],1.0
y[3|17|6|45],1.0
y[3|17|6|46],1.0
y[3|17|6|47],1.0
y[3|17|6|48],1.0
y[3|17|6|49],1.0
y[3|17|6|50],1.0
y[3|17|6|51],1.0
y[4|14|1|66],1.0
y[4|14|1|67],1.0
y[4|14|1|68],1.0
y[4|14|1|69],1.0
y[4|14|1|70],1.0
y[4|14|1|71],1.0
y[4|14|1|72],1.0
y[4|14|1|73],1.0
y[4|14|1|74],1.0
y[4|14|1|75],1.0
y[5|10|5|41],1.0
y[5|10|5|42],1.0
y[5|10|5|43],1.0
y[5|10|5|44],1.0
y[5|10|5|45],1.0
y[5|10|5|46],1.0
y[5|10|5|47],1.0
y[5|10|5|48],1.0
y[5|10|5|49],1.0
y[6|9|4|43],1.0
y[6|9|4|44],1.0
y[6|9|4|45],1.0
y[6|9|4|46],1.0
y[6|9|4|47],1.0
y[6|9|4|48],1.0
y[6|9|4|49],1.0
y[6|9|4|50],1.0
y[7|9|4|64],1.0
y[7|9|4|65],1.0
y[7|9|4|66],1.0
y[7|9|4|67],1.0
y[7|9|4|68],1.0
y[7|9|4|69],1.0
y[7|9|4|70],1.0
y[8|11|1|44],1.0
y[8|11|1|45],1.0
y[8|11|1|46],1.0
y[8|11|1|47],1.0
y[8|11|1|48],1.0
y[8|11|1|49],1.0
y[8|11|1|50],1.0
y[8|11|1|51],1.0
y[8|11|1|52],1.0
y[8|11|1|53],1.0
y[8|11|1|54],1.0
y[8|11|1|55],1.0
y[9|18|7|48],1.0
y[9|18|7|49],1.0
y[9|18|7|50],1.0
y[9|18|7|51],1.0
y[9|18|7|52],1.0
y[9|18|7|53],1.0
y[9|18|7|54],1.0
y[9|18|7|55],1.0
y[9|18|7|56],1.0
y[9|18|7|57],1.0
y[10|8|1|59],1.0
y[10|8|1|60],1.0
y[10|8|1|61],1.0
y[10|8|1|62],1.0
y[10|8|1|63],1.0
y[11|7|7|57],1.0
y[11|7|7|58],1.0
y[11|7|7|59],1.0
y[11|7|7|60],1.0
y[11|7|7|61],1.0
y[12|12|7|50],1.0
y[12|12|7|51],1.0
y[12|12|7|52],1.0
y[12|12|7|53],1.0
y[12|12|7|54],1.0
y[12|12|7|55],1.0
y[12|12|7|56],1.0
y[12|12|7|57],1.0
y[12|12|7|58],1.0
y[12|12|7|59],1.0
y[12|12|7|60],1.0
y[12|12|7|61],1.0
y[12|12|7|62],1.0
y[12|12|7|63],1.0
y[13|16|5|52],1.0
y[13|16|5|53],1.0
y[13|16|5|54],1.0
y[13|16|5|55],1.0
y[13|16|5|56],1.0
y[13|16|5|57],1.0
y[13|16|5|58],1.0
y[13|16|5|59],1.0
y[13|16|5|60],1.0
y[13|16|5|61],1.0
y[14|3|3|51],1.0
y[14|3|3|52],1.0
y[14|3|3|53],1.0
y[14|3|3|54],1.0
y[14|3|3|55],1.0
y[14|3|3|56],1.0
y[14|3|3|57],1.0
y[15|13|4|49],1.0
y[15|13|4|50],1.0
y[15|13|4|51],1.0
y[15|13|4|52],1.0
y[15|13|4|53],1.0
y[15|13|4|54],1.0
y[15|13|4|55],1.0
y[15|13|4|56],1.0
y[15|13|4|57],1.0
y[15|13|4|58],1.0
y[15|13|4|59],1.0
y[15|13|4|60],1.0
y[16|10|4|53],1.0
y[16|10|4|54],1.0
y[16|10|4|55],1.0
y[16|10|4|56],1.0
y[16|10|4|57],1.0
y[16|10|4|58],1.0
y[16|10|4|59],1.0
y[16|10|4|60],1.0
y[16|10|4|61],1.0
y[16|10|4|62],1.0
y[16|10|4|63],1.0
y[16|10|4|64],1.0
y[17|7|2|44],1.0
y[17|7|2|45],1.0
y[17|7|2|46],1.0
y[17|7|2|47],1.0
y[17|7|2|48],1.0
y[17|7|2|49],1.0
y[17|7|2|50],1.0
y[17|7|2|51],1.0
y[17|7|2|52],1.0
y[17|7|2|53],1.0
y[17|7|2|54],1.0
y[17|7|2|55],1.0
y[17|7|2|56],1.0
y[17|7|2|57],1.0
y[18|17|4|70],1.0
y[18|17|4|71],1.0
y[18|17|4|72],1.0
y[18|17|4|73],1.0
y[18|17|4|74],1.0
y[18|17|4|75],1.0
y[19|6|7|44],1.0
y[19|6|7|45],1.0
y[19|6|7|46],1.0
y[19|6|7|47],1.0
y[19|6|7|48],1.0
y[19|6|7|49],1.0
y[20|13|3|49],1.0
y[20|13|3|50],1.0
y[20|13|3|51],1.0
y[20|13|3|52],1.0
y[20|13|3|53],1.0
y[21|12|6|42],1.0
y[21|12|6|43],1.0
y[21|12|6|44],1.0
y[21|12|6|45],1.0
y[21|12|6|46],1.0
y[21|12|6|47],1.0
y[21|12|6|48],1.0
y[21|12|6|49],1.0
y[21|12|6|50],1.0
y[21|12|6|51],1.0
y[21|12|6|52],1.0
y[21|12|6|53],1.0
y[22|16|4|45],1.0
y[22|16|4|46],1.0
y[22|16|4|47],1.0
y[22|16|4|48],1.0
y[22|16|4|49],1.0
y[22|16|4|50],1.0
y[22|16|4|51],1.0
y[22|16|4|52],1.0
y[22|16|4|53],1.0
y[22|16|4|54],1.0
y[22|16|4|55],1.0
y[23|16|6|56],1.0
y[23|16|6|57],1.0
y[23|16|6|58],1.0
y[23|16|6|59],1.0
y[23|16|6|60],1.0
y[23|16|6|61],1.0
y[23|16|6|62],1.0
y[23|16|6|63],1.0
y[23|16|6|64],1.0
y[23|16|6|65],1.0
y[24|3|2|45],1.0
y[24|3|2|46],1.0
y[24|3|2|47],1.0
y[24|3|2|48],1.0
y[24|3|2|49],1.0
y[24|3|2|50],1.0
y[24|3|2|51],1.0
y[24|3|2|52],1.0
y[24|3|2|53],1.0
y[24|3|2|54],1.0
y[24|3|2|55],1.0
y[24|3|2|56],1.0
y[24|3|2|57],1.0
y[25|5|2|53],1.0
y[25|5|2|54],1.0
y[25|5|2|55],1.0
y[25|5|2|56],1.0
y[25|5|2|57],1.0
y[25|5|2|58],1.0
y[25|5|2|59],1.0
y[26|5|7|45],1.0
y[26|5|7|46],1.0
y[26|5|7|47],1.0
y[26|5|7|48],1.0
y[27|6|4|50],1.0
y[27|6|4|51],1.0
y[27|6|4|52],1.0
y[27|6|4|53],1.0
y[27|6|4|54],1.0
y[27|6|4|55],1.0
y[27|6|4|56],1.0
y[27|6|4|57],1.0
y[27|6|4|58],1.0
y[27|6|4|59],1.0
y[27|6|4|60],1.0
y[27|6|4|61],1.0
y[27|6|4|62],1.0
y[28|17|5|66],1.0
y[28|17|5|67],1.0
y[28|17|5|68],1.0
y[28|17|5|69],1.0
y[28|17|5|70],1.0
y[28|17|5|71],1.0
y[29|17|3|50],1.0
y[29|17|3|51],1.0
y[29|17|3|52],1.0
y[29|17|3|53],1.0
y[29|17|3|54],1.0
y[29|17|3|55],1.0
y[29|17|3|56],1.0
y[29|17|3|57],1.0
y[29|17|3|58],1.0
y[29|17|3|59],1.0
y[29|17|3|60],1.0
y[30|3|5|65],1.0
y[30|3|5|66],1.0
y[30|3|5|67],1.0
y[30|3|5|68],1.0
y[30|3|5|69],1.0
y[30|3|5|70],1.0
y[30|3|5|71],1.0
y[30|3|5|72],1.0
y[31|14|5|40],1.0
y[31|14|5|41],1.0
y[31|14|5|42],1.0
y[31|14|5|43],1.0
y[31|14|5|44],1.0
y[31|14|5|45],1.0
y[31|14|5|46],1.0
y[32|7|5|40],1.0
y[32|7|5|41],1.0
y[32|7|5|42],1.0
y[32|7|5|43],1.0
y[32|7|5|44],1.0
y[32|7|5|45],1.0
y[32|7|5|46],1.0
y[32|7|5|47],1.0
y[33|7|3|38],1.0
y[33|7|3|39],1.0
y[33|7|3|40],1.0
y[33|7|3|41],1.0
y[33|7|3|42],1.0
y[34|4|7|39],1.0
y[34|4|7|40],1.0
y[34|4|7|41],1.0
y[34|4|7|42],1.0
y[34|4|7|43],1.0
y[34|4|7|44],1.0
y[34|4|7|45],1.0
y[34|4|7|46],1.0
y[34|4|7|47],1.0
y[34|4|7|48],1.0
y[34|4|7|49],1.0
y[34|4|7|50],1.0
y[34|4|7|51],1.0
y[35|18|3|65],1.0
y[35|18|3|66],1.0
y[35|18|3|67],1.0
y[35|18|3|68],1.0
y[35|18|3|69],1.0
y[35|18|3|70],1.0
y[36|19|4|59],1.0
y[36|19|4|60],1.0
y[36|19|4|61],1.0
y[36|19|4|62],1.0
y[36|19|4|63],1.0
y[36|19|4|64],1.0
y[36|19|4|65],1.0
y[36|19|4|66],1.0
y[36|19|4|67],1.0
y[36|19|4|68],1.0
y[36|19|4|69],1.0
y[37|10|7|39],1.0
y[37|10|7|40],1.0
y[37|10|7|41],1.0
y[37|10|7|42],1.0
y[38|10|2|53],1.0
y[38|10|2|54],1.0
y[38|10|2|55],1.0
y[38|10|2|56],1.0
y[38|10|2|57],1.0
y[38|10|2|58],1.0
y[38|10|2|59],1.0
y[38|10|2|60],1.0
y[38|10|2|61],1.0
y[38|10|2|62],1.0
y[38|10|2|63],1.0
y[39|2|4|40],1.0
y[39|2|4|41],1.0
y[39|2|4|42],1.0
y[39|2|4|43],1.0
y[39|2|4|44],1.0
y[39|2|4|45],1.0
y[39|2|4|46],1.0
y[39|2|4|47],1.0
y[39|2|4|48],1.0
y[39|2|4|49],1.0
y[40|14|4|57],1.0
y[40|14|4|58],1.0
y[40|14|4|59],1.0
y[40|14|4|60],1.0
y[40|14|4|61],1.0
y[41|12|4|55],1.0
y[41|12|4|56],1.0
y[41|12|4|57],1.0
y[41|12|4|58],1.0
y[42|3|6|41],1.0
y[42|3|6|42],1.0
y[42|3|6|43],1.0
y[42|3|6|44],1.0
y[42|3|6|45],1.0
y[42|3|6|46],1.0
y[42|3|6|47],1.0
y[42|3|6|48],1.0
y[42|3|6|49],1.0
y[42|3|6|50],1.0
y[42|3|6|51],1.0
y[42|3|6|52],1.0
y[43|19|5|56],1.0
y[43|19|5|57],1.0
y[43|19|5|58],1.0
y[43|19|5|59],1.0
y[43|19|5|60],1.0
y[43|19|5|61],1.0
y[43|19|5|62],1.0
y[43|19|5|63],1.0
y[43|19|5|64],1.0
y[43|19|5|65],1.0
y[43|19|5|66],1.0
y[44|13|1|37],1.0
y[44|13|1|38],1.0
y[44|13|1|39],1.0
y[44|13|1|40],1.0
y[44|13|1|41],1.0
y[44|13|1|42],1.0
y[44|13|1|43],1.0
y[44|13|1|44],1.0
y[44|13|1|45],1.0
y[45|8|1|72],1.0
y[45|8|1|73],1.0
y[45|8|1|74],1.0
y[45|8|1|75],1.0
y[45|8|1|76],1.0
y[45|8|1|77],1.0
y[46|8|3|39],1.0
y[46|8|3|40],1.0
y[46|8|3|41],1.0
y[46|8|3|42],1.0
y[46|8|3|43],1.0
y[46|8|3|44],1.0
y[47|3|7|39],1.0
y[47|3|7|40],1.0
y[47|3|7|41],1.0
y[47|3|7|42],1.0
y[48|9|2|63],1.0
y[48|9|2|64],1.0
y[48|9|2|65],1.0
y[48|9|2|66],1.0
y[48|9|2|67],1.0
y[48|9|2|68],1.0
y[48|9|2|69],1.0
y[48|9|2|70],1.0
y[48|9|2|71],1.0
y[48|9|2|72],1.0
y[48|9|2|73],1.0
y[49|1|5|41],1.0
y[49|1|5|42],1.0
y[49|1|5|43],1.0
y[49|1|5|44],1.0
y[49|1|5|45],1.0
y[50|1|7|34],1.0
y[50|1|7|35],1.0
y[50|1|7|36],1.0
y[50|1|7|37],1.0
y[50|1|7|38],1.0
y[50|1|7|39],1.0
y[50|1|7|40],1.0
y[50|1|7|41],1.0
y[50|1|7|42],1.0
l[1|1|1],18.0
l[1|1|2],17.0
l[1|1|3],13.0
l[1|1|4],18.0
l[1|1|5],12.0
l[1|1|6],19.0
l[1|1|7],11.0
l[1|1|8],16.0
l[1|1|9],18.0
l[1|1|10],10.0
l[1|1|11],12.0
l[1|1|12],18.0
l[1|1|13],12.0
l[1|1|14],11.0
l[1|1|15],10.0
l[1|1|16],15.0
l[1|1|17],16.0
l[1|1|18],12.0
l[1|1|19],19.0
l[1|1|20],12.0
l[1|1|21],14.0
l[1|1|22],10.0
l[1|1|23],14.0
l[1|1|24],11.0
l[1|1|25],17.0
l[1|1|26],19.0
l[1|1|27],16.0
l[1|1|28],10.0
l[1|1|29],14.0
l[1|1|30],13.0
l[1|1|31],10.0
l[1|1|32],17.0
l[1|1|33],12.0
l[1|1|34],12.0
l[1|1|35],18.0
l[1|1|36],19.0
l[1|1|37],12.0
l[1|1|38],17.0
l[1|1|39],11.0
l[1|1|40],10.0
l[1|1|41],10.0
l[1|1|42],19.0
l[1|1|43],14.0
l[1|1|44],15.0
l[1|1|45],18.0
l[1|1|46],19.0
l[1|1|47],13.0
l[1|1|48],15.0
l[1|1|49],10.0
l[1|1|50],12.0
l[1|1|51],13.0
l[1|1|52],15.0
l[1|1|53],13.0
l[1|1|54],18.0
l[1|1|55],16.0
l[1|1|56],11.0
l[1|1|57],10.0
l[1|1|58],12.0
l[1|1|59],18.0
l[1|1|60],10.0
l[1|1|61],18.0
l[1|1|62],18.0
l[1|1|63],16.0
l[1|1|64],12.0
l[1|1|65],12.0
l[1|1|66],16.0
l[1|1|67],12.0
l[1|1|68],17.0
l[1|1|69],14.0
l[1|1|70],13.0
l[1|1|71],11.0
l[1|1|72],18.0
l[1|1|73],10.0
l[1|1|74],11.0
l[1|1|75],19.0
l[1|1|76],13.0
l[1|1|77],13.0
l[1|1|78],16.0
l[1|1|79],13.0
l[1|1|80],12.0
l[1|1|81],16.0
l[1|1|82],19.0
l[1|1|83],15.0
l[1|1|84],18.0
l[1|1|85],10.0
l[1|1|86],13.0
l[1|1|87],19.0
l[1|1|88],18.0
l[1|1|89],19.0
l[1|1|90],10.0
l[1|1|91],17.0
l[1|1|92],13.0
l[1|1|93],12.0
l[1|1|94],14.0
l[1|1|95],10.0
l[1|1|96],13.0
l[1|2|1],11.0
l[1|2|2],12.0
l[1|2|3],11.0
l[1|2|4],19.0
l[1|2|5],13.0
l[1|2|6],16.0
l[1|2|7],15.0
l[1|2|8],19.0
l[1|2|9],14.0
l[1|2|10],13.0
l[1|2|11],19.0
l[1|2|12],10.0
l[1|2|13],12.0
l[1|2|14],14.0
l[1|2|15],17.0
l[1|2|16],18.0
l[1|2|17],14.0
l[1|2|18],14.0
l[1|2|19],11.0
l[1|2|20],12.0
l[1|2|21],10.0
l[1|2|22],11.0
l[1|2|23],16.0
l[1|2|24],10.0
l[1|2|25],14.0
l[1|2|26],18.0
l[1|2|27],11.0
l[1|2|28],15.0
l[1|2|29],17.0
l[1|2|30],13.0
l[1|2|31],12.0
l[1|2|32],17.0
l[1|2|33],13.0
l[1|2|34],11.0
l[1|2|35],15.0
l[1|2|36],18.0
l[1|2|37],12.0
l[1|2|38],17.0
l[1|2|39],11.0
l[1|2|40],15.0
l[1|2|41],18.0
l[1|2|42],10.0
l[1|2|43],11.0
l[1|2|44],13.0
l[1|2|45],11.0
l[1|2|46],11.0
l[1|2|47],13.0
l[1|2|48],12.0
l[1|2|49],19.0
l[1|2|50],16.0
l[1|2|51],13.0
l[1|2|52],17.0
l[1|2|53],14.0
l[1|2|54],14.0
l[1|2|55],15.0
l[1|2|56],17.0
l[1|2|57],19.0
l[1|2|58],14.0
l[1|2|59],13.0
l[1|2|60],12.0
l[1|2|61],17.0
l[1|2|62],10.0
l[1|2|63],18.0
l[1|2|64],18.0
l[1|2|65],18.0
l[1|2|66],11.0
l[1|2|67],17.0
l[1|2|68],14.0
l[1|2|69],13.0
l[1|2|70],17.0
l[1|2|71],18.0
l[1|2|72],11.0
l[1|2|73],10.0
l[1|2|74],10.0
l[1|2|75],13.0
l[1|2|76],11.0
l[1|2|77],16.0
l[1|2|78],11.0
l[1|2|79],10.0
l[1|2|80],19.0
l[1|2|81],11.0
l[1|2|82],19.0
l[1|2|83],18.0
l[1|2|84],14.0
l[1|2|85],19.0
l[1|2|86],14.0
l[1|2|87],13.0
l[1|2|88],18.0
l[1|2|89],14.0
l[1|2|90],17.0
l[1|2|91],17.0
l[1|2|92],12.0
l[1|2|93],11.0
l[1|2|94],19.0
l[1|2|95],13.0
l[1|2|96],14.0
l[1|3|1],12.0
l[1|3|2],13.0
l[1|3|3],11.0
l[1|3|4],19.0
l[1|3|5],12.0
l[1|3|6],13.0
l[1|3|7],11.0
l[1|3|8],19.0
l[1|3|9],18.0
l[1|3|10],14.0
l[1|3|11],12.0
l[1|3|12],18.0
l[1|3|13],15.0
l[1|3|14],16.0
l[1|3|15],11.0
l[1|3|16],13.0
l[1|3|17],12.0
l[1|3|18],15.0
l[1|3|19],13.0
l[1|3|20],17.0
l[1|3|21],17.0
l[1|3|22],17.0
l[1|3|23],13.0
l[1|3|24],14.0
l[1|3|25],18.0
l[1|3|26],17.0
l[1|3|27],11.0
l[1|3|28],12.0
l[1|3|29],17.0
l[1|3|30],13.0
l[1|3|31],16.0
l[1|3|32],11.0
l[1|3|33],13.0
l[1|3|34],19.0
l[1|3|35],17.0
l[1|3|36],10.0
l[1|3|37],15.0
l[1|3|38],16.0
l[1|3|39],14.0
l[1|3|40],12.0
l[1|3|41],12.0
l[1|3|42],10.0
l[1|3|43],14.0
l[1|3|44],17.0
l[1|3|45],15.0
l[1|3|46],17.0
l[1|3|47],17.0
l[1|3|48],13.0
l[1|3|49],13.0
l[1|3|50],13.0
l[1|3|51],18.0
l[1|3|52],14.0
l[1|3|53],14.0
l[1|3|54],10.0
l[1|3|55],10.0
l[1|3|56],12.0
l[1|3|57],16.0
l[1|3|58],15.0
l[1|3|59],14.0
l[1|3|60],12.0
l[1|3|61],19.0
l[1|3|62],14.0
l[1|3|63],18.0
l[1|3|64],11.0
l[1|3|65],19.0
l[1|3|66],10.0
l[1|3|67],14.0
l[1|3|68],14.0
l[1|3|69],19.0
l[1|3|70],13.0
l[1|3|71],17.0
l[1|3|72],12.0
l[1|3|73],16.0
l[1|3|74],17.0
l[1|3|75],10.0
l[1|3|76],19.0
l[1|3|77],14.0
l[1|3|78],17.0
l[1|3|79],17.0
l[1|3|80],19.0
l[1|3|81],14.0
l[1|3|82],13.0
l[1|3|83],18.0
l[1|3|84],16.0
l[1|3|85],10.0
l[1|3|86],12.0
l[1|3|87],16.0
l[1|3|88],14.0
l[1|3|89],19.0
l[1|3|90],13.0
l[1|3|91],19.0
l[1|3|92],17.0
l[1|3|93],12.0
l[1|3|94],15.0
l[1|3|95],11.0
l[1|3|96],13.0
l[1|4|1],12.0
l[1|4|2],18.0
l[1|4|3],13.0
l[1|4|4],13.0
l[1|4|5],11.0
l[1|4|6],13.0
l[1|4|7],12.0
l[1|4|8],10.0
l[1|4|9],13.0
l[1|4|10],11.0
l[1|4|11],19.0
l[1|4|12],14.0
l[1|4|13],15.0
l[1|4|14],10.0
l[1|4|15],16.0
l[1|4|16],17.0
l[1|4|17],13.0
l[1|4|18],17.0
l[1|4|19],14.0
l[1|4|20],19.0
l[1|4|21],12.0
l[1|4|22],10.0
l[1|4|23],15.0
l[1|4|24],17.0
l[1|4|25],10.0
l[1|4|26],18.0
l[1|4|27],15.0
l[1|4|28],12.0
l[1|4|29],10.0
l[1|4|30],19.0
l[1|4|31],14.0
l[1|4|32],16.0
l[1|4|33],10.0
l[1|4|34],12.0
l[1|4|35],19.0
l[1|4|36],11.0
l[1|4|37],18.0
l[1|4|38],17.0
l[1|4|39],18.0
l[1|4|40],11.0
l[1|4|41],18.0
l[1|4|42],15.0
l[1|4|43],14.0
l[1|4|44],10.0
l[1|4|45],14.0
l[1|4|46],10.0
l[1|4|47],12.0
l[1|4|48],17.0
l[1|4|49],16.0
l[1|4|50],12.0
l[1|4|51],11.0
l[1|4|52],18.0
l[1|4|53],13.0
l[1|4|54],16.0
l[1|4|55],14.0
l[1|4|56],12.0
l[1|4|57],17.0
l[1|4|58],13.0
l[1|4|59],14.0
l[1|4|60],16.0
l[1|4|61],16.0
l[1|4|62],12.0
l[1|4|63],11.0
l[1|4|64],15.0
l[1|4|65],18.0
l[1|4|66],12.0
l[1|4|67],11.0
l[1|4|68],14.0
l[1|4|69],10.0
l[1|4|70],12.0
l[1|4|71],18.0
l[1|4|72],17.0
l[1|4|73],12.0
l[1|4|74],10.0
l[1|4|75],14.0
l[1|4|76],17.0
l[1|4|77],10.0
l[1|4|78],19.0
l[1|4|79],17.0
l[1|4|80],13.0
l[1|4|81],14.0
l[1|4|82],15.0
l[1|4|83],14.0
l[1|4|84],14.0
l[1|4|85],11.0
l[1|4|86],10.0
l[1|4|87],17.0
l[1|4|88],12.0
l[1|4|89],18.0
l[1|4|90],15.0
l[1|4|91],16.0
l[1|4|92],10.0
l[1|4|93],15.0
l[1|4|94],13.0
l[1|4|95],17.0
l[1|4|96],15.0
l[1|5|1],15.0
l[1|5|2],17.0
l[1|5|3],15.0
l[1|5|4],14.0
l[1|5|5],18.0
l[1|5|6],16.0
l[1|5|7],12.0
l[1|5|8],15.0
l[1|5|9],18.0
l[1|5|10],11.0
l[1|5|11],18.0
l[1|5|12],17.0
l[1|5|13],14.0
l[1|5|14],13.0
l[1|5|15],13.0
l[1|5|16],12.0
l[1|5|17],17.0
l[1|5|18],12.0
l[1|5|19],19.0
l[1|5|20],17.0
l[1|5|21],15.0
l[1|5|22],16.0
l[1|5|23],19.0
l[1|5|24],17.0
l[1|5|25],17.0
l[1|5|26],16.0
l[1|5|27],19.0
l[1|5|28],14.0
l[1|5|29],14.0
l[1|5|30],10.0
l[1|5|31],13.0
l[1|5|32],11.0
l[1|5|33],15.0
l[1|5|34],18.0
l[1|5|35],13.0
l[1|5|36],19.0
l[1|5|37],12.0
l[1|5|38],11.0
l[1|5|39],13.0
l[1|5|40],12.0
l[1|5|41],13.0
l[1|5|42],18.0
l[1|5|43],17.0
l[1|5|44],17.0
l[1|5|45],12.0
l[1|5|46],19.0
l[1|5|47],17.0
l[1|5|48],13.0
l[1|5|49],19.0
l[1|5|50],19.0
l[1|5|51],17.0
l[1|5|52],16.0
l[1|5|53],12.0
l[1|5|54],19.0
l[1|5|55],17.0
l[1|5|56],12.0
l[1|5|57],19.0
l[1|5|58],16.0
l[1|5|59],16.0
l[1|5|60],11.0
l[1|5|61],15.0
l[1|5|62],13.0
l[1|5|63],17.0
l[1|5|64],13.0
l[1|5|65],14.0
l[1|5|66],17.0
l[1|5|67],13.0
l[1|5|68],10.0
l[1|5|69],19.0
l[1|5|70],13.0
l[1|5|71],14.0
l[1|5|72],10.0
l[1|5|73],15.0
l[1|5|74],15.0
l[1|5|75],11.0
l[1|5|76],13.0
l[1|5|77],14.0
l[1|5|78],18.0
l[1|5|79],18.0
l[1|5|80],10.0
l[1|5|81],10.0
l[1|5|82],16.0
l[1|5|83],11.0
l[1|5|84],12.0
l[1|5|85],18.0
l[1|5|86],14.0
l[1|5|87],12.0
l[1|5|88],18.0
l[1|5|89],17.0
l[1|5|90],10.0
l[1|5|91],11.0
l[1|5|92],12.0
l[1|5|93],14.0
l[1|5|94],10.0
l[1|5|95],16.0
l[1|5|96],17.0
l[1|6|1],12.0
l[1|6|2],13.0
l[1|6|3],13.0
l[1|6|4],10.0
l[1|6|5],11.0
l[1|6|6],16.0
l[1|6|7],16.0
l[1|6|8],10.0
l[1|6|9],17.0
l[1|6|10],13.0
l[1|6|11],14.0
l[1|6|12],14.0
l[1|6|13],17.0
l[1|6|14],17.0
l[1|6|15],12.0
l[1|6|16],17.0
l[1|6|17],14.0
l[1|6|18],16.0
l[1|6|19],15.0
l[1|6|20],15.0
l[1|6|21],17.0
l[1|6|22],19.0
l[1|6|23],11.0
l[1|6|24],16.0
l[1|6|25],10.0
l[1|6|26],14.0
l[1|6|27],11.0
l[1|6|28],12.0
l[1|6|29],10.0
l[1|6|30],10.0
l[1|6|31],15.0
l[1|6|32],11.0
l[1|6|33],10.0
l[1|6|34],10.0
l[1|6|35],14.0
l[1|6|36],15.0
l[1|6|37],16.0
l[1|6|38],18.0
l[1|6|39],12.0
l[1|6|40],15.0
l[1|6|41],19.0
l[1|6|42],19.0
l[1|6|43],14.0
l[1|6|44],17.0
l[1|6|45],14.0
l[1|6|46],18.0
l[1|6|47],10.0
l[1|6|48],10.0
l[1|6|49],15.0
l[1|6|50],16.0
l[1|6|51],10.0
l[1|6|52],18.0
l[1|6|53],15.0
l[1|6|54],16.0
l[1|6|55],12.0
l[1|6|56],15.0
l[1|6|57],19.0
l[1|6|58],17.0
l[1|6|59],19.0
l[1|6|60],14.0
l[1|6|61],12.0
l[1|6|62],17.0
l[1|6|63],14.0
l[1|6|64],16.0
l[1|6|65],10.0
l[1|6|66],10.0
l[1|6|67],13.0
l[1|6|68],12.0
l[1|6|69],11.0
l[1|6|70],16.0
l[1|6|71],12.0
l[1|6|72],11.0
l[1|6|73],13.0
l[1|6|74],18.0
l[1|6|75],12.0
l[1|6|76],18.0
l[1|6|77],17.0
l[1|6|78],11.0
l[1|6|79],13.0
l[1|6|80],13.0
l[1|6|81],16.0
l[1|6|82],10.0
l[1|6|83],11.0
l[1|6|84],14.0
l[1|6|85],12.0
l[1|6|86],17.0
l[1|6|87],13.0
l[1|6|88],18.0
l[1|6|89],18.0
l[1|6|90],18.0
l[1|6|91],11.0
l[1|6|92],11.0
l[1|6|93],10.0
l[1|6|94],12.0
l[1|6|95],13.0
l[1|6|96],11.0
l[1|7|1],15.0
l[1|7|2],11.0
l[1|7|3],19.0
l[1|7|4],11.0
l[1|7|5],15.0
l[1|7|6],18.0
l[1|7|7],18.0
l[1|7|8],11.0
l[1|7|9],17.0
l[1|7|10],15.0
l[1|7|11],10.0
l[1|7|12],10.0
l[1|7|13],13.0
l[1|7|14],16.0
l[1|7|15],15.0
l[1|7|16],10.0
l[1|7|17],16.0
l[1|7|18],14.0
l[1|7|19],17.0
l[1|7|20],13.0
l[1|7|21],14.0
l[1|7|22],18.0
l[1|7|23],13.0
l[1|7|24],11.0
l[1|7|25],16.0
l[1|7|26],13.0
l[1|7|27],18.0
l[1|7|28],15.0
l[1|7|29],12.0
l[1|7|30],12.0
l[1|7|31],18.0
l[1|7|32],16.0
l[1|7|33],11.0
l[1|7|34],10.0
l[1|7|35],19.0
l[1|7|36],14.0
l[1|7|37],19.0
l[1|7|38],17.0
l[1|7|39],19.0
l[1|7|40],19.0
l[1|7|41],14.0
l[1|7|42],15.0
l[1|7|43],14.0
l[1|7|44],13.0
l[1|7|45],19.0
l[1|7|46],16.0
l[1|7|47],15.0
l[1|7|48],14.0
l[1|7|49],11.0
l[1|7|50],18.0
l[1|7|51],16.0
l[1|7|52],12.0
l[1|7|53],17.0
l[1|7|54],12.0
l[1|7|55],11.0
l[1|7|56],18.0
l[1|7|57],19.0
l[1|7|58],16.0
l[1|7|59],10.0
l[1|7|60],10.0
l[1|7|61],14.0
l[1|7|62],19.0
l[1|7|63],16.0
l[1|7|64],15.0
l[1|7|65],15.0
l[1|7|66],10.0
l[1|7|67],13.0
l[1|7|68],10.0
l[1|7|69],17.0
l[1|7|70],18.0
l[1|7|71],19.0
l[1|7|72],11.0
l[1|7|73],12.0
l[1|7|74],19.0
l[1|7|75],19.0
l[1|7|76],12.0
l[1|7|77],12.0
l[1|7|78],11.0
l[1|7|79],16.0
l[1|7|80],16.0
l[1|7|81],16.0
l[1|7|82],11.0
l[1|7|83],16.0
l[1|7|84],15.0
l[1|7|85],10.0
l[1|7|86],16.0
l[1|7|87],18.0
l[1|7|88],11.0
l[1|7|89],11.0
l[1|7|90],18.0
l[1|7|91],19.0
l[1|7|92],19.0
l[1|7|93],12.0
l[1|7|94],13.0
l[1|7|95],16.0
l[1|7|96],13.0
l[2|1|1],24.0
l[2|1|2],20.0
l[2|1|3],12.0
l[2|1|4],12.0
l[2|1|5],33.0
l[2|1|6],10.0
l[2|1|7],12.0
l[2|1|8],31.0
l[2|1|9],24.0
l[2|1|10],30.0
l[2|1|11],25.0
l[2|1|12],19.0
l[2|1|13],28.0
l[2|1|14],18.0
l[2|1|15],31.0
l[2|1|16],25.0
l[2|1|17],25.0
l[2|1|18],17.0
l[2|1|19],19.0
l[2|1|20],15.0
l[2|1|21],10.0
l[2|1|22],29.0
l[2|1|23],16.0
l[2|1|24],13.0
l[2|1|25],33.0
l[2|1|26],11.0
l[2|1|27],29.0
l[2|1|28],21.0
l[2|1|29],15.0
l[2|1|30],26.0
l[2|1|31],25.0
l[2|1|32],12.0
l[2|1|33],21.0
l[2|1|34],14.0
l[2|1|35],19.0
l[2|1|36],15.0
l[2|1|37],18.0
l[2|1|38],27.0
l[2|1|39],32.0
l[2|1|40],14.0
l[2|1|41],19.0
l[2|1|42],14.0
l[2|1|43],17.0
l[2|1|44],14.0
l[2|1|45],25.0
l[2|1|46],23.0
l[2|1|47],18.0
l[2|1|48],18.0
l[2|1|49],17.0
l[2|1|50],18.0
l[2|1|51],22.0
l[2|1|52],19.0
l[2|1|53],31.0
l[2|1|54],28.0
l[2|1|55],30.0
l[2|1|56],24.0
l[2|1|57],10.0
l[2|1|58],16.0
l[2|1|59],14.0
l[2|1|60],22.0
l[2|1|61],26.0
l[2|1|62],13.0
l[2|1|63],27.0
l[2|1|64],16.0
l[2|1|65],14.0
l[2|1|66],13.0
l[2|1|67],11.0
l[2|1|68],17.0
l[2|1|69],27.0
l[2|1|70],31.0
l[2|1|71],22.0
l[2|1|72],15.0
l[2|1|73],32.0
l[2|1|74],18.0
l[2|1|75],17.0
l[2|1|76],12.0
l[2|1|77],19.0
l[2|1|78],11.0
l[2|1|79],17.0
l[2|1|80],26.0
l[2|1|81],27.0
l[2|1|82],28.0
l[2|1|83],30.0
l[2|1|84],16.0
l[2|1|85],33.0
l[2|1|86],32.0
l[2|1|87],13.0
l[2|1|88],27.0
l[2|1|89],24.0
l[2|1|90],25.0
l[2|1|91],28.0
l[2|1|92],32.0
l[2|1|93],33.0
l[2|1|94],24.0
l[2|1|95],10.0
l[2|1|96],23.0
l[2|2|1],29.0
l[2|2|2],30.0
l[2|2|3],28.0
l[2|2|4],28.0
l[2|2|5],13.0
l[2|2|6],29.0
l[2|2|7],28.0
l[2|2|8],11.0
l[2|2|9],24.0
l[2|2|10],23.0
l[2|2|11],14.0
l[2|2|12],30.0
l[2|2|13],14.0
l[2|2|14],19.0
l[2|2|15],28.0
l[2|2|16],19.0
l[2|2|17],32.0
l[2|2|18],23.0
l[2|2|19],32.0
l[2|2|20],23.0
l[2|2|21],27.0
l[2|2|22],12.0
l[2|2|23],20.0
l[2|2|24],22.0
l[2|2|25],21.0
l[2|2|26],29.0
l[2|2|27],17.0
l[2|2|28],14.0
l[2|2|29],23.0
l[2|2|30],25.0
l[2|2|31],19.0
l[2|2|32],30.0
l[2|2|33],17.0
l[2|2|34],33.0
l[2|2|35],11.0
l[2|2|36],29.0
l[2|2|37],28.0
l[2|2|38],28.0
l[2|2|39],17.0
l[2|2|40],22.0
l[2|2|41],10.0
l[2|2|42],11.0
l[2|2|43],27.0
l[2|2|44],14.0
l[2|2|45],20.0
l[2|2|46],26.0
l[2|2|47],31.0
l[2|2|48],33.0
l[2|2|49],33.0
l[2|2|50],21.0
l[2|2|51],12.0
l[2|2|52],12.0
l[2|2|53],21.0
l[2|2|54],19.0
l[2|2|55],11.0
l[2|2|56],21.0
l[2|2|57],33.0
l[2|2|58],22.0
l[2|2|59],31.0
l[2|2|60],28.0
l[2|2|61],24.0
l[2|2|62],27.0
l[2|2|63],27.0
l[2|2|64],31.0
l[2|2|65],15.0
l[2|2|66],19.0
l[2|2|67],16.0
l[2|2|68],13.0
l[2|2|69],24.0
l[2|2|70],13.0
l[2|2|71],10.0
l[2|2|72],33.0
l[2|2|73],24.0
l[2|2|74],25.0
l[2|2|75],25.0
l[2|2|76],21.0
l[2|2|77],11.0
l[2|2|78],18.0
l[2|2|79],21.0
l[2|2|80],27.0
l[2|2|81],23.0
l[2|2|82],33.0
l[2|2|83],29.0
l[2|2|84],17.0
l[2|2|85],17.0
l[2|2|86],18.0
l[2|2|87],28.0
l[2|2|88],28.0
l[2|2|89],29.0
l[2|2|90],23.0
l[2|2|91],18.0
l[2|2|92],32.0
l[2|2|93],20.0
l[2|2|94],15.0
l[2|2|95],14.0
l[2|2|96],32.0
l[2|3|1],14.0
l[2|3|2],17.0
l[2|3|3],30.0
l[2|3|4],14.0
l[2|3|5],25.0
l[2|3|6],26.0
l[2|3|7],33.0
l[2|3|8],19.0
l[2|3|9],23.0
l[2|3|10],11.0
l[2|3|11],21.0
l[2|3|12],33.0
l[2|3|13],24.0
l[2|3|14],15.0
l[2|3|15],29.0
l[2|3|16],26.0
l[2|3|17],16.0
l[2|3|18],13.0
l[2|3|19],23.0
l[2|3|20],26.0
l[2|3|21],28.0
l[2|3|22],24.0
l[2|3|23],10.0
l[2|3|24],29.0
l[2|3|25],17.0
l[2|3|26],31.0
l[2|3|27],18.0
l[2|3|28],11.0
l[2|3|29],20.0
l[2|3|30],12.0
l[2|3|31],16.0
l[2|3|32],14.0
l[2|3|33],14.0
l[2|3|34],22.0
l[2|3|35],21.0
l[2|3|36],22.0
l[2|3|37],32.0
l[2|3|38],16.0
l[2|3|39],23.0
l[2|3|40],32.0
l[2|3|41],12.0
l[2|3|42],33.0
l[2|3|43],24.0
l[2|3|44],18.0
l[2|3|45],24.0
l[2|3|46],27.0
l[2|3|47],28.0
l[2|3|48],21.0
l[2|3|49],11.0
l[2|3|50],11.0
l[2|3|51],13.0
l[2|3|52],28.0
l[2|3|53],16.0
l[2|3|54],12.0
l[2|3|55],23.0
l[2|3|56],23.0
l[2|3|57],33.0
l[2|3|58],24.0
l[2|3|59],26.0
l[2|3|60],13.0
l[2|3|61],30.0
l[2|3|62],31.0
l[2|3|63],29.0
l[2|3|64],31.0
l[2|3|65],24.0
l[2|3|66],30.0
l[2|3|67],27.0
l[2|3|68],33.0
l[2|3|69],11.0
l[2|3|70],26.0
l[2|3|71],31.0
l[2|3|72],27.0
l[2|3|73],18.0
l[2|3|74],18.0
l[2|3|75],20.0
l[2|3|76],32.0
l[2|3|77],16.0
l[2|3|78],17.0
l[2|3|79],27.0
l[2|3|80],14.0
l[2|3|81],19.0
l[2|3|82],22.0
l[2|3|83],19.0
l[2|3|84],23.0
l[2|3|85],16.0
l[2|3|86],20.0
l[2|3|87],19.0
l[2|3|88],25.0
l[2|3|89],13.0
l[2|3|90],30.0
l[2|3|91],15.0
l[2|3|92],28.0
l[2|3|93],32.0
l[2|3|94],23.0
l[2|3|95],29.0
l[2|3|96],21.0
l[2|4|1],31.0
l[2|4|2],20.0
l[2|4|3],19.0
l[2|4|4],17.0
l[2|4|5],26.0
l[2|4|6],26.0
l[2|4|7],14.0
l[2|4|8],17.0
l[2|4|9],32.0
l[2|4|10],19.0
l[2|4|11],13.0
l[2|4|12],17.0
l[2|4|13],20.0
l[2|4|14],32.0
l[2|4|15],33.0
l[2|4|16],22.0
l[2|4|17],26.0
l[2|4|18],20.0
l[2|4|19],31.0
l[2|4|20],25.0
l[2|4|21],22.0
l[2|4|22],12.0
l[2|4|23],15.0
l[2|4|24],28.0
l[2|4|25],29.0
l[2|4|26],13.0
l[2|4|27],27.0
l[2|4|28],15.0
l[2|4|29],26.0
l[2|4|30],33.0
l[2|4|31],15.0
l[2|4|32],15.0
l[2|4|33],17.0
l[2|4|34],21.0
l[2|4|35],25.0
l[2|4|36],10.0
l[2|4|37],15.0
l[2|4|38],27.0
l[2|4|39],16.0
l[2|4|40],11.0
l[2|4|41],11.0
l[2|4|42],16.0
l[2|4|43],24.0
l[2|4|44],10.0
l[2|4|45],18.0
l[2|4|46],32.0
l[2|4|47],21.0
l[2|4|48],29.0
l[2|4|49],15.0
l[2|4|50],23.0
l[2|4|51],33.0
l[2|4|52],21.0
l[2|4|53],23.0
l[2|4|54],30.0
l[2|4|55],20.0
l[2|4|56],14.0
l[2|4|57],33.0
l[2|4|58],23.0
l[2|4|59],15.0
l[2|4|60],21.0
l[2|4|61],23.0
l[2|4|62],18.0
l[2|4|63],28.0
l[2|4|64],16.0
l[2|4|65],20.0
l[2|4|66],12.0
l[2|4|67],26.0
l[2|4|68],30.0
l[2|4|69],19.0
l[2|4|70],29.0
l[2|4|71],21.0
l[2|4|72],33.0
l[2|4|73],21.0
l[2|4|74],25.0
l[2|4|75],20.0
l[2|4|76],16.0
l[2|4|77],13.0
l[2|4|78],13.0
l[2|4|79],22.0
l[2|4|80],20.0
l[2|4|81],15.0
l[2|4|82],16.0
l[2|4|83],25.0
l[2|4|84],22.0
l[2|4|85],20.0
l[2|4|86],25.0
l[2|4|87],26.0
l[2|4|88],12.0
l[2|4|89],19.0
l[2|4|90],16.0
l[2|4|91],29.0
l[2|4|92],18.0
l[2|4|93],17.0
l[2|4|94],21.0
l[2|4|95],28.0
l[2|4|96],13.0
l[2|5|1],32.0
l[2|5|2],15.0
l[2|5|3],28.0
l[2|5|4],30.0
l[2|5|5],14.0
l[2|5|6],13.0
l[2|5|7],17.0
l[2|5|8],25.0
l[2|5|9],30.0
l[2|5|10],11.0
l[2|5|11],22.0
l[2|5|12],11.0
l[2|5|13],28.0
l[2|5|14],26.0
l[2|5|15],21.0
l[2|5|16],16.0
l[2|5|17],20.0
l[2|5|18],15.0
l[2|5|19],33.0
l[2|5|20],33.0
l[2|5|21],21.0
l[2|5|22],23.0
l[2|5|23],10.0
l[2|5|24],24.0
l[2|5|25],10.0
l[2|5|26],29.0
l[2|5|27],12.0
l[2|5|28],12.0
l[2|5|29],16.0
l[2|5|30],17.0
l[2|5|31],17.0
l[2|5|32],22.0
l[2|5|33],11.0
l[2|5|34],31.0
l[2|5|35],11.0
l[2|5|36],25.0
l[2|5|37],16.0
l[2|5|38],21.0
l[2|5|39],19.0
l[2|5|40],15.0
l[2|5|41],11.0
l[2|5|42],12.0
l[2|5|43],30.0
l[2|5|44],24.0
l[2|5|45],27.0
l[2|5|46],30.0
l[2|5|47],15.0
l[2|5|48],19.0
l[2|5|49],23.0
l[2|5|50],11.0
l[2|5|51],33.0
l[2|5|52],26.0
l[2|5|53],15.0
l[2|5|54],23.0
l[2|5|55],33.0
l[2|5|56],25.0
l[2|5|57],23.0
l[2|5|58],29.0
l[2|5|59],12.0
l[2|5|60],21.0
l[2|5|61],31.0
l[2|5|62],29.0
l[2|5|63],18.0
l[2|5|64],27.0
l[2|5|65],10.0
l[2|5|66],12.0
l[2|5|67],28.0
l[2|5|68],15.0
l[2|5|69],31.0
l[2|5|70],20.0
l[2|5|71],29.0
l[2|5|72],27.0
l[2|5|73],28.0
l[2|5|74],10.0
l[2|5|75],30.0
l[2|5|76],24.0
l[2|5|77],17.0
l[2|5|78],26.0
l[2|5|79],29.0
l[2|5|80],11.0
l[2|5|81],11.0
l[2|5|82],12.0
l[2|5|83],23.0
l[2|5|84],13.0
l[2|5|85],20.0
l[2|5|86],25.0
l[2|5|87],11.0
l[2|5|88],16.0
l[2|5|89],17.0
l[2|5|90],13.0
l[2|5|91],16.0
l[2|5|92],10.0
l[2|5|93],17.0
l[2|5|94],20.0
l[2|5|95],15.0
l[2|5|96],33.0
l[2|6|1],22.0
l[2|6|2],25.0
l[2|6|3],15.0
l[2|6|4],20.0
l[2|6|5],21.0
l[2|6|6],10.0
l[2|6|7],13.0
l[2|6|8],27.0
l[2|6|9],19.0
l[2|6|10],27.0
l[2|6|11],16.0
l[2|6|12],29.0
l[2|6|13],29.0
l[2|6|14],28.0
l[2|6|15],10.0
l[2|6|16],27.0
l[2|6|17],29.0
l[2|6|18],24.0
l[2|6|19],26.0
l[2|6|20],12.0
l[2|6|21],23.0
l[2|6|22],23.0
l[2|6|23],32.0
l[2|6|24],33.0
l[2|6|25],30.0
l[2|6|26],21.0
l[2|6|27],28.0
l[2|6|28],25.0
l[2|6|29],13.0
l[2|6|30],27.0
l[2|6|31],15.0
l[2|6|32],12.0
l[2|6|33],29.0
l[2|6|34],14.0
l[2|6|35],30.0
l[2|6|36],25.0
l[2|6|37],32.0
l[2|6|38],12.0
l[2|6|39],30.0
l[2|6|40],14.0
l[2|6|41],11.0
l[2|6|42],20.0
l[2|6|43],28.0
l[2|6|44],20.0
l[2|6|45],19.0
l[2|6|46],19.0
l[2|6|47],19.0
l[2|6|48],16.0
l[2|6|49],32.0
l[2|6|50],27.0
l[2|6|51],12.0
l[2|6|52],13.0
l[2|6|53],18.0
l[2|6|54],19.0
l[2|6|55],33.0
l[2|6|56],24.0
l[2|6|57],19.0
l[2|6|58],19.0
l[2|6|59],24.0
l[2|6|60],30.0
l[2|6|61],11.0
l[2|6|62],12.0
l[2|6|63],24.0
l[2|6|64],22.0
l[2|6|65],15.0
l[2|6|66],28.0
l[2|6|67],15.0
l[2|6|68],23.0
l[2|6|69],31.0
l[2|6|70],29.0
l[2|6|71],11.0
l[2|6|72],31.0
l[2|6|73],13.0
l[2|6|74],14.0
l[2|6|75],22.0
l[2|6|76],16.0
l[2|6|77],22.0
l[2|6|78],28.0
l[2|6|79],30.0
l[2|6|80],16.0
l[2|6|81],20.0
l[2|6|82],10.0
l[2|6|83],15.0
l[2|6|84],17.0
l[2|6|85],19.0
l[2|6|86],10.0
l[2|6|87],11.0
l[2|6|88],16.0
l[2|6|89],18.0
l[2|6|90],30.0
l[2|6|91],11.0
l[2|6|92],18.0
l[2|6|93],30.0
l[2|6|94],23.0
l[2|6|95],21.0
l[2|6|96],33.0
l[2|7|1],28.0
l[2|7|2],18.0
l[2|7|3],26.0
l[2|7|4],23.0
l[2|7|5],19.0
l[2|7|6],29.0
l[2|7|7],10.0
l[2|7|8],14.0
l[2|7|9],26.0
l[2|7|10],10.0
l[2|7|11],23.0
l[2|7|12],33.0
l[2|7|13],29.0
l[2|7|14],31.0
l[2|7|15],29.0
l[2|7|16],23.0
l[2|7|17],32.0
l[2|7|18],15.0
l[2|7|19],16.0
l[2|7|20],25.0
l[2|7|21],27.0
l[2|7|22],15.0
l[2|7|23],23.0
l[2|7|24],32.0
l[2|7|25],31.0
l[2|7|26],28.0
l[2|7|27],27.0
l[2|7|28],28.0
l[2|7|29],22.0
l[2|7|30],14.0
l[2|7|31],12.0
l[2|7|32],13.0
l[2|7|33],30.0
l[2|7|34],27.0
l[2|7|35],14.0
l[2|7|36],30.0
l[2|7|37],25.0
l[2|7|38],15.0
l[2|7|39],12.0
l[2|7|40],19.0
l[2|7|41],12.0
l[2|7|42],12.0
l[2|7|43],22.0
l[2|7|44],26.0
l[2|7|45],12.0
l[2|7|46],28.0
l[2|7|47],25.0
l[2|7|48],19.0
l[2|7|49],21.0
l[2|7|50],30.0
l[2|7|51],31.0
l[2|7|52],20.0
l[2|7|53],24.0
l[2|7|54],27.0
l[2|7|55],31.0
l[2|7|56],14.0
l[2|7|57],18.0
l[2|7|58],24.0
l[2|7|59],11.0
l[2|7|60],14.0
l[2|7|61],22.0
l[2|7|62],27.0
l[2|7|63],26.0
l[2|7|64],12.0
l[2|7|65],15.0
l[2|7|66],22.0
l[2|7|67],25.0
l[2|7|68],27.0
l[2|7|69],13.0
l[2|7|70],12.0
l[2|7|71],14.0
l[2|7|72],15.0
l[2|7|73],13.0
l[2|7|74],28.0
l[2|7|75],31.0
l[2|7|76],24.0
l[2|7|77],21.0
l[2|7|78],22.0
l[2|7|79],20.0
l[2|7|80],20.0
l[2|7|81],22.0
l[2|7|82],29.0
l[2|7|83],23.0
l[2|7|84],28.0
l[2|7|85],32.0
l[2|7|86],22.0
l[2|7|87],12.0
l[2|7|88],21.0
l[2|7|89],12.0
l[2|7|90],21.0
l[2|7|91],18.0
l[2|7|92],12.0
l[2|7|93],32.0
l[2|7|94],20.0
l[2|7|95],14.0
l[2|7|96],26.0
l[3|1|1],208.0
l[3|1|2],38.0
l[3|1|3],210.0
l[3|1|4],73.0
l[3|1|5],196.0
l[3|1|6],233.0
l[3|1|7],243.0
l[3|1|8],12.0
l[3|1|9],225.0
l[3|1|10],233.0
l[3|1|11],181.0
l[3|1|12],45.0
l[3|1|13],240.0
l[3|1|14],47.0
l[3|1|15],254.0
l[3|1|16],115.0
l[3|1|17],193.0
l[3|1|18],174.0
l[3|1|19],150.0
l[3|1|20],203.0
l[3|1|21],32.0
l[3|1|22],41.0
l[3|1|23],132.0
l[3|1|24],112.0
l[3|1|25],102.0
l[3|1|26],145.0
l[3|1|27],234.0
l[3|1|28],104.0
l[3|1|29],167.0
l[3|1|30],91.0
l[3|1|31],167.0
l[3|1|32],173.0
l[3|1|33],129.0
l[3|1|34],242.0
l[3|1|35],134.0
l[3|1|36],147.0
l[3|1|37],114.0
l[3|1|38],229.0
l[3|1|39],200.0
l[3|1|40],132.0
l[3|1|41],20.0
l[3|1|42],65.0
l[3|1|43],91.0
l[3|1|44],245.0
l[3|1|45],188.0
l[3|1|46],38.0
l[3|1|47],148.0
l[3|1|48],109.0
l[3|1|49],113.0
l[3|1|50],210.0
l[3|1|51],177.0
l[3|1|52],184.0
l[3|1|53],32.0
l[3|1|54],163.0
l[3|1|55],164.0
l[3|1|56],120.0
l[3|1|57],181.0
l[3|1|58],26.0
l[3|1|59],13.0
l[3|1|60],81.0
l[3|1|61],160.0
l[3|1|62],163.0
l[3|1|63],116.0
l[3|1|64],248.0
l[3|1|65],72.0
l[3|1|66],145.0
l[3|1|67],205.0
l[3|1|68],209.0
l[3|1|69],47.0
l[3|1|70],59.0
l[3|1|71],114.0
l[3|1|72],177.0
l[3|1|73],160.0
l[3|1|74],59.0
l[3|1|75],102.0
l[3|1|76],151.0
l[3|1|77],151.0
l[3|1|78],119.0
l[3|1|79],172.0
l[3|1|80],71.0
l[3|1|81],228.0
l[3|1|82],214.0
l[3|1|83],16.0
l[3|1|84],119.0
l[3|1|85],237.0
l[3|1|86],156.0
l[3|1|87],97.0
l[3|1|88],194.0
l[3|1|89],106.0
l[3|1|90],125.0
l[3|1|91],119.0
l[3|1|92],193.0
l[3|1|93],27.0
l[3|1|94],15.0
l[3|1|95],10.0
l[3|1|96],80.0
l[3|2|1],59.0
l[3|2|2],24.0
l[3|2|3],112.0
l[3|2|4],102.0
l[3|2|5],97.0
l[3|2|6],221.0
l[3|2|7],82.0
l[3|2|8],10.0
l[3|2|9],31.0
l[3|2|10],126.0
l[3|2|11],53.0
l[3|2|12],137.0
l[3|2|13],52.0
l[3|2|14],109.0
l[3|2|15],105.0
l[3|2|16],11.0
l[3|2|17],23.0
l[3|2|18],158.0
l[3|2|19],218.0
l[3|2|20],97.0
l[3|2|21],92.0
l[3|2|22],238.0
l[3|2|23],141.0
l[3|2|24],198.0
l[3|2|25],167.0
l[3|2|26],117.0
l[3|2|27],60.0
l[3|2|28],74.0
l[3|2|29],81.0
l[3|2|30],27.0
l[3|2|31],58.0
l[3|2|32],253.0
l[3|2|33],154.0
l[3|2|34],137.0
l[3|2|35],217.0
l[3|2|36],15.0
l[3|2|37],171.0
l[3|2|38],29.0
l[3|2|39],184.0
l[3|2|40],256.0
l[3|2|41],172.0
l[3|2|42],175.0
l[3|2|43],211.0
l[3|2|44],244.0
l[3|2|45],164.0
l[3|2|46],19.0
l[3|2|47],66.0
l[3|2|48],46.0
l[3|2|49],43.0
l[3|2|50],72.0
l[3|2|51],28.0
l[3|2|52],54.0
l[3|2|53],213.0
l[3|2|54],240.0
l[3|2|55],169.0
l[3|2|56],242.0
l[3|2|57],256.0
l[3|2|58],96.0
l[3|2|59],77.0
l[3|2|60],256.0
l[3|2|61],10.0
l[3|2|62],218.0
l[3|2|63],195.0
l[3|2|64],254.0
l[3|2|65],168.0
l[3|2|66],26.0
l[3|2|67],178.0
l[3|2|68],186.0
l[3|2|69],51.0
l[3|2|70],17.0
l[3|2|71],22.0
l[3|2|72],160.0
l[3|2|73],206.0
l[3|2|74],154.0
l[3|2|75],121.0
l[3|2|76],50.0
l[3|2|77],144.0
l[3|2|78],15.0
l[3|2|79],26.0
l[3|2|80],77.0
l[3|2|81],96.0
l[3|2|82],228.0
l[3|2|83],176.0
l[3|2|84],227.0
l[3|2|85],108.0
l[3|2|86],218.0
l[3|2|87],81.0
l[3|2|88],118.0
l[3|2|89],186.0
l[3|2|90],179.0
l[3|2|91],212.0
l[3|2|92],51.0
l[3|2|93],124.0
l[3|2|94],52.0
l[3|2|95],234.0
l[3|2|96],253.0
l[3|3|1],133.0
l[3|3|2],40.0
l[3|3|3],23.0
l[3|3|4],52.0
l[3|3|5],113.0
l[3|3|6],69.0
l[3|3|7],81.0
l[3|3|8],19.0
l[3|3|9],70.0
l[3|3|10],93.0
l[3|3|11],116.0
l[3|3|12],196.0
l[3|3|13],174.0
l[3|3|14],89.0
l[3|3|15],16.0
l[3|3|16],164.0
l[3|3|17],31.0
l[3|3|18],220.0
l[3|3|19],224.0
l[3|3|20],138.0
l[3|3|21],59.0
l[3|3|22],63.0
l[3|3|23],204.0
l[3|3|24],67.0
l[3|3|25],11.0
l[3|3|26],238.0
l[3|3|27],26.0
l[3|3|28],32.0
l[3|3|29],208.0
l[3|3|30],95.0
l[3|3|31],247.0
l[3|3|32],187.0
l[3|3|33],45.0
l[3|3|34],72.0
l[3|3|35],137.0
l[3|3|36],32.0
l[3|3|37],116.0
l[3|3|38],154.0
l[3|3|39],43.0
l[3|3|40],239.0
l[3|3|41],19.0
l[3|3|42],46.0
l[3|3|43],27.0
l[3|3|44],69.0
l[3|3|45],251.0
l[3|3|46],52.0
l[3|3|47],247.0
l[3|3|48],134.0
l[3|3|49],148.0
l[3|3|50],238.0
l[3|3|51],57.0
l[3|3|52],190.0
l[3|3|53],97.0
l[3|3|54],62.0
l[3|3|55],122.0
l[3|3|56],136.0
l[3|3|57],245.0
l[3|3|58],45.0
l[3|3|59],28.0
l[3|3|60],148.0
l[3|3|61],28.0
l[3|3|62],179.0
l[3|3|63],250.0
l[3|3|64],29.0
l[3|3|65],57.0
l[3|3|66],226.0
l[3|3|67],167.0
l[3|3|68],53.0
l[3|3|69],70.0
l[3|3|70],93.0
l[3|3|71],205.0
l[3|3|72],219.0
l[3|3|73],106.0
l[3|3|74],142.0
l[3|3|75],215.0
l[3|3|76],57.0
l[3|3|77],145.0
l[3|3|78],211.0
l[3|3|79],30.0
l[3|3|80],67.0
l[3|3|81],71.0
l[3|3|82],151.0
l[3|3|83],180.0
l[3|3|84],87.0
l[3|3|85],219.0
l[3|3|86],138.0
l[3|3|87],193.0
l[3|3|88],109.0
l[3|3|89],103.0
l[3|3|90],61.0
l[3|3|91],193.0
l[3|3|92],149.0
l[3|3|93],213.0
l[3|3|94],110.0
l[3|3|95],95.0
l[3|3|96],181.0
l[3|4|1],170.0
l[3|4|2],182.0
l[3|4|3],90.0
l[3|4|4],150.0
l[3|4|5],253.0
l[3|4|6],30.0
l[3|4|7],58.0
l[3|4|8],33.0
l[3|4|9],12.0
l[3|4|10],162.0
l[3|4|11],125.0
l[3|4|12],236.0
l[3|4|13],52.0
l[3|4|14],11.0
l[3|4|15],115.0
l[3|4|16],193.0
l[3|4|17],150.0
l[3|4|18],251.0
l[3|4|19],68.0
l[3|4|20],11.0
l[3|4|21],199.0
l[3|4|22],203.0
l[3|4|23],25.0
l[3|4|24],122.0
l[3|4|25],121.0
l[3|4|26],205.0
l[3|4|27],165.0
l[3|4|28],125.0
l[3|4|29],238.0
l[3|4|30],207.0
l[3|4|31],23.0
l[3|4|32],82.0
l[3|4|33],85.0
l[3|4|34],22.0
l[3|4|35],176.0
l[3|4|36],112.0
l[3|4|37],49.0
l[3|4|38],70.0
l[3|4|39],120.0
l[3|4|40],40.0
l[3|4|41],117.0
l[3|4|42],16.0
l[3|4|43],41.0
l[3|4|44],241.0
l[3|4|45],37.0
l[3|4|46],197.0
l[3|4|47],171.0
l[3|4|48],91.0
l[3|4|49],107.0
l[3|4|50],151.0
l[3|4|51],24.0
l[3|4|52],101.0
l[3|4|53],26.0
l[3|4|54],27.0
l[3|4|55],94.0
l[3|4|56],220.0
l[3|4|57],105.0
l[3|4|58],109.0
l[3|4|59],84.0
l[3|4|60],162.0
l[3|4|61],222.0
l[3|4|62],174.0
l[3|4|63],254.0
l[3|4|64],212.0
l[3|4|65],249.0
l[3|4|66],123.0
l[3|4|67],129.0
l[3|4|68],66.0
l[3|4|69],90.0
l[3|4|70],64.0
l[3|4|71],235.0
l[3|4|72],208.0
l[3|4|73],68.0
l[3|4|74],21.0
l[3|4|75],58.0
l[3|4|76],40.0
l[3|4|77],123.0
l[3|4|78],141.0
l[3|4|79],174.0
l[3|4|80],158.0
l[3|4|81],54.0
l[3|4|82],182.0
l[3|4|83],234.0
l[3|4|84],123.0
l[3|4|85],72.0
l[3|4|86],76.0
l[3|4|87],39.0
l[3|4|88],127.0
l[3|4|89],242.0
l[3|4|90],209.0
l[3|4|91],99.0
l[3|4|92],83.0
l[3|4|93],249.0
l[3|4|94],149.0
l[3|4|95],102.0
l[3|4|96],130.0
l[3|5|1],245.0
l[3|5|2],118.0
l[3|5|3],120.0
l[3|5|4],31.0
l[3|5|5],68.0
l[3|5|6],23.0
l[3|5|7],72.0
l[3|5|8],62.0
l[3|5|9],76.0
l[3|5|10],158.0
l[3|5|11],200.0
l[3|5|12],78.0
l[3|5|13],239.0
l[3|5|14],84.0
l[3|5|15],41.0
l[3|5|16],230.0
l[3|5|17],225.0
l[3|5|18],53.0
l[3|5|19],165.0
l[3|5|20],145.0
l[3|5|21],111.0
l[3|5|22],234.0
l[3|5|23],82.0
l[3|5|24],56.0
l[3|5|25],252.0
l[3|5|26],122.0
l[3|5|27],74.0
l[3|5|28],60.0
l[3|5|29],177.0
l[3|5|30],192.0
l[3|5|31],121.0
l[3|5|32],60.0
l[3|5|33],190.0
l[3|5|34],162.0
l[3|5|35],220.0
l[3|5|36],186.0
l[3|5|37],40.0
l[3|5|38],75.0
l[3|5|39],27.0
l[3|5|40],100.0
l[3|5|41],77.0
l[3|5|42],170.0
l[3|5|43],196.0
l[3|5|44],240.0
l[3|5|45],31.0
l[3|5|46],251.0
l[3|5|47],68.0
l[3|5|48],223.0
l[3|5|49],212.0
l[3|5|50],56.0
l[3|5|51],42.0
l[3|5|52],199.0
l[3|5|53],247.0
l[3|5|54],72.0
l[3|5|55],228.0
l[3|5|56],30.0
l[3|5|57],109.0
l[3|5|58],37.0
l[3|5|59],249.0
l[3|5|60],41.0
l[3|5|61],12.0
l[3|5|62],236.0
l[3|5|63],28.0
l[3|5|64],144.0
l[3|5|65],207.0
l[3|5|66],63.0
l[3|5|67],20.0
l[3|5|68],243.0
l[3|5|69],143.0
l[3|5|70],180.0
l[3|5|71],95.0
l[3|5|72],29.0
l[3|5|73],148.0
l[3|5|74],235.0
l[3|5|75],251.0
l[3|5|76],120.0
l[3|5|77],123.0
l[3|5|78],238.0
l[3|5|79],91.0
l[3|5|80],159.0
l[3|5|81],62.0
l[3|5|82],25.0
l[3|5|83],32.0
l[3|5|84],185.0
l[3|5|85],42.0
l[3|5|86],241.0
l[3|5|87],21.0
l[3|5|88],73.0
l[3|5|89],197.0
l[3|5|90],26.0
l[3|5|91],181.0
l[3|5|92],221.0
l[3|5|93],170.0
l[3|5|94],97.0
l[3|5|95],227.0
l[3|5|96],234.0
l[3|6|1],89.0
l[3|6|2],140.0
l[3|6|3],68.0
l[3|6|4],118.0
l[3|6|5],145.0
l[3|6|6],82.0
l[3|6|7],183.0
l[3|6|8],236.0
l[3|6|9],116.0
l[3|6|10],11.0
l[3|6|11],240.0
l[3|6|12],122.0
l[3|6|13],98.0
l[3|6|14],84.0
l[3|6|15],165.0
l[3|6|16],69.0
l[3|6|17],86.0
l[3|6|18],224.0
l[3|6|19],170.0
l[3|6|20],253.0
l[3|6|21],54.0
l[3|6|22],112.0
l[3|6|23],111.0
l[3|6|24],246.0
l[3|6|25],79.0
l[3|6|26],122.0
l[3|6|27],202.0
l[3|6|28],207.0
l[3|6|29],220.0
l[3|6|30],230.0
l[3|6|31],111.0
l[3|6|32],47.0
l[3|6|33],175.0
l[3|6|34],102.0
l[3|6|35],243.0
l[3|6|36],246.0
l[3|6|37],248.0
l[3|6|38],162.0
l[3|6|39],112.0
l[3|6|40],166.0
l[3|6|41],92.0
l[3|6|42],161.0
l[3|6|43],115.0
l[3|6|44],248.0
l[3|6|45],209.0
l[3|6|46],63.0
l[3|6|47],177.0
l[3|6|48],220.0
l[3|6|49],168.0
l[3|6|50],158.0
l[3|6|51],238.0
l[3|6|52],84.0
l[3|6|53],217.0
l[3|6|54],42.0
l[3|6|55],27.0
l[3|6|56],18.0
l[3|6|57],83.0
l[3|6|58],100.0
l[3|6|59],182.0
l[3|6|60],124.0
l[3|6|61],135.0
l[3|6|62],203.0
l[3|6|63],153.0
l[3|6|64],204.0
l[3|6|65],108.0
l[3|6|66],25.0
l[3|6|67],205.0
l[3|6|68],39.0
l[3|6|69],149.0
l[3|6|70],207.0
l[3|6|71],118.0
l[3|6|72],243.0
l[3|6|73],11.0
l[3|6|74],221.0
l[3|6|75],243.0
l[3|6|76],136.0
l[3|6|77],149.0
l[3|6|78],159.0
l[3|6|79],169.0
l[3|6|80],181.0
l[3|6|81],28.0
l[3|6|82],127.0
l[3|6|83],241.0
l[3|6|84],167.0
l[3|6|85],55.0
l[3|6|86],95.0
l[3|6|87],90.0
l[3|6|88],144.0
l[3|6|89],29.0
l[3|6|90],38.0
l[3|6|91],255.0
l[3|6|92],219.0
l[3|6|93],48.0
l[3|6|94],200.0
l[3|6|95],42.0
l[3|6|96],53.0
l[3|7|1],244.0
l[3|7|2],186.0
l[3|7|3],209.0
l[3|7|4],169.0
l[3|7|5],146.0
l[3|7|6],51.0
l[3|7|7],111.0
l[3|7|8],32.0
l[3|7|9],137.0
l[3|7|10],86.0
l[3|7|11],253.0
l[3|7|12],96.0
l[3|7|13],118.0
l[3|7|14],229.0
l[3|7|15],97.0
l[3|7|16],254.0
l[3|7|17],193.0
l[3|7|18],245.0
l[3|7|19],58.0
l[3|7|20],55.0
l[3|7|21],30.0
l[3|7|22],139.0
l[3|7|23],248.0
l[3|7|24],136.0
l[3|7|25],68.0
l[3|7|26],256.0
l[3|7|27],47.0
l[3|7|28],107.0
l[3|7|29],26.0
l[3|7|30],63.0
l[3|7|31],173.0
l[3|7|32],222.0
l[3|7|33],52.0
l[3|7|34],242.0
l[3|7|35],29.0
l[3|7|36],189.0
l[3|7|37],254.0
l[3|7|38],49.0
l[3|7|39],93.0
l[3|7|40],64.0
l[3|7|41],219.0
l[3|7|42],149.0
l[3|7|43],147.0
l[3|7|44],211.0
l[3|7|45],146.0
l[3|7|46],243.0
l[3|7|47],40.0
l[3|7|48],231.0
l[3|7|49],77.0
l[3|7|50],128.0
l[3|7|51],33.0
l[3|7|52],66.0
l[3|7|53],15.0
l[3|7|54],256.0
l[3|7|55],39.0
l[3|7|56],120.0
l[3|7|57],192.0
l[3|7|58],17.0
l[3|7|59],182.0
l[3|7|60],95.0
l[3|7|61],124.0
l[3|7|62],199.0
l[3|7|63],209.0
l[3|7|64],84.0
l[3|7|65],26.0
l[3|7|66],21.0
l[3|7|67],76.0
l[3|7|68],166.0
l[3|7|69],187.0
l[3|7|70],18.0
l[3|7|71],67.0
l[3|7|72],251.0
l[3|7|73],95.0
l[3|7|74],203.0
l[3|7|75],58.0
l[3|7|76],209.0
l[3|7|77],201.0
l[3|7|78],51.0
l[3|7|79],18.0
l[3|7|80],44.0
l[3|7|81],139.0
l[3|7|82],89.0
l[3|7|83],210.0
l[3|7|84],190.0
l[3|7|85],129.0
l[3|7|86],231.0
l[3|7|87],33.0
l[3|7|88],15.0
l[3|7|89],75.0
l[3|7|90],217.0
l[3|7|91],67.0
l[3|7|92],63.0
l[3|7|93],39.0
l[3|7|94],50.0
l[3|7|95],74.0
l[3|7|96],85.0
l[4|1|1],10.0
l[4|1|2],10.0
l[4|1|3],10.0
l[4|1|4],10.0
l[4|1|5],10.0
l[4|1|6],10.0
l[4|1|7],10.0
l[4|1|8],10.0
l[4|1|9],10.0
l[4|1|10],10.0
l[4|1|11],10.0
l[4|1|12],10.0
l[4|1|13],10.0
l[4|1|14],10.0
l[4|1|15],10.0
l[4|1|16],10.0
l[4|1|17],10.0
l[4|1|18],10.0
l[4|1|19],10.0
l[4|1|20],10.0
l[4|1|21],10.0
l[4|1|22],10.0
l[4|1|23],10.0
l[4|1|24],10.0
l[4|1|25],10.0
l[4|1|26],10.0
l[4|1|27],10.0
l[4|1|28],10.0
l[4|1|29],10.0
l[4|1|30],10.0
l[4|1|31],10.0
l[4|1|32],10.0
l[4|1|33],10.0
l[4|1|34],10.0
l[4|1|35],10.0
l[4|1|36],10.0
l[4|1|37],10.0
l[4|1|38],10.0
l[4|1|39],10.0
l[4|1|40],10.0
l[4|1|41],10.0
l[4|1|42],10.0
l[4|1|43],10.0
l[4|1|44],10.0
l[4|1|45],10.0
l[4|1|46],10.0
l[4|1|47],10.0
l[4|1|48],10.0
l[4|1|49],10.0
l[4|1|50],10.0
l[4|1|51],10.0
l[4|1|52],10.0
l[4|1|53],10.0
l[4|1|54],10.0
l[4|1|55],10.0
l[4|1|56],10.0
l[4|1|57],10.0
l[4|1|58],10.0
l[4|1|59],10.0
l[4|1|60],10.0
l[4|1|61],10.0
l[4|1|62],10.0
l[4|1|63],10.0
l[4|1|64],10.0
l[4|1|65],10.0
l[4|1|66],10.0
l[4|1|67],10.0
l[4|1|68],10.0
l[4|1|69],10.0
l[4|1|70],10.0
l[4|1|71],10.0
l[4|1|72],10.0
l[4|1|73],10.0
l[4|1|74],10.0
l[4|1|75],10.0
l[4|1|76],10.0
l[4|1|77],10.0
l[4|1|78],10.0
l[4|1|79],10.0
l[4|1|80],10.0
l[4|1|81],10.0
l[4|1|82],10.0
l[4|1|83],10.0
l[4|1|84],10.0
l[4|1|85],10.0
l[4|1|86],10.0
l[4|1|87],10.0
l[4|1|88],10.0
l[4|1|89],10.0
l[4|1|90],10.0
l[4|1|91],10.0
l[4|1|92],10.0
l[4|1|93],10.0
l[4|1|94],10.0
l[4|1|95],10.0
l[4|1|96],10.0
l[4|2|1],10.0
l[4|2|2],10.0
l[4|2|3],10.0
l[4|2|4],10.0
l[4|2|5],10.0
l[4|2|6],10.0
l[4|2|7],10.0
l[4|2|8],10.0
l[4|2|9],10.0
l[4|2|10],10.0
l[4|2|11],10.0
l[4|2|12],10.0
l[4|2|13],10.0
l[4|2|14],10.0
l[4|2|15],10.0
l[4|2|16],10.0
l[4|2|17],10.0
l[4|2|18],10.0
l[4|2|19],10.0
l[4|2|20],10.0
l[4|2|21],10.0
l[4|2|22],10.0
l[4|2|23],10.0
l[4|2|24],10.0
l[4|2|25],10.0
l[4|2|26],10.0
l[4|2|27],10.0
l[4|2|28],10.0
l[4|2|29],10.0
l[4|2|30],10.0
l[4|2|31],10.0
l[4|2|32],10.0
l[4|2|33],10.0
l[4|2|34],10.0
l[4|2|35],10.0
l[4|2|36],10.0
l[4|2|37],10.0
l[4|2|38],10.0
l[4|2|39],10.0
l[4|2|40],10.0
l[4|2|41],10.0
l[4|2|42],10.0
l[4|2|43],10.0
l[4|2|44],10.0
l[4|2|45],10.0
l[4|2|46],10.0
l[4|2|47],10.0
l[4|2|48],10.0
l[4|2|49],10.0
l[4|2|50],10.0
l[4|2|51],10.0
l[4|2|52],10.0
l[4|2|53],10.0
l[4|2|54],10.0
l[4|2|55],10.0
l[4|2|56],10.0
l[4|2|57],10.0
l[4|2|58],10.0
l[4|2|59],10.0
l[4|2|60],10.0
l[4|2|61],10.0
l[4|2|62],10.0
l[4|2|63],10.0
l[4|2|64],10.0
l[4|2|65],10.0
l[4|2|66],10.0
l[4|2|67],10.0
l[4|2|68],10.0
l[4|2|69],10.0
l[4|2|70],10.0
l[4|2|71],10.0
l[4|2|72],10.0
l[4|2|73],10.0
l[4|2|74],10.0
l[4|2|75],10.0
l[4|2|76],10.0
l[4|2|77],10.0
l[4|2|78],10.0
l[4|2|79],10.0
l[4|2|80],10.0
l[4|2|81],10.0
l[4|2|82],10.0
l[4|2|83],10.0
l[4|2|84],10.0
l[4|2|85],10.0
l[4|2|86],10.0
l[4|2|87],10.0
l[4|2|88],10.0
l[4|2|89],10.0
l[4|2|90],10.0
l[4|2|91],10.0
l[4|2|92],10.0
l[4|2|93],10.0
l[4|2|94],10.0
l[4|2|95],10.0
l[4|2|96],10.0
l[4|3|1],10.0
l[4|3|2],10.0
l[4|3|3],10.0
l[4|3|4],10.0
l[4|3|5],10.0
l[4|3|6],10.0
l[4|3|7],10.0
l[4|3|8],10.0
l[4|3|9],10.0
l[4|3|10],10.0
l[4|3|11],10.0
l[4|3|12],10.0
l[4|3|13],10.0
l[4|3|14],10.0
l[4|3|15],10.0
l[4|3|16],10.0
l[4|3|17],10.0
l[4|3|18],10.0
l[4|3|19],10.0
l[4|3|20],10.0
l[4|3|21],10.0
l[4|3|22],10.0
l[4|3|23],10.0
l[4|3|24],10.0
l[4|3|25],10.0
l[4|3|26],10.0
l[4|3|27],10.0
l[4|3|28],10.0
l[4|3|29],10.0
l[4|3|30],10.0
l[4|3|31],10.0
l[4|3|32],10.0
l[4|3|33],10.0
l[4|3|34],10.0
l[4|3|35],10.0
l[4|3|36],10.0
l[4|3|37],10.0
l[4|3|38],10.0
l[4|3|39],10.0
l[4|3|40],10.0
l[4|3|41],10.0
l[4|3|42],10.0
l[4|3|43],10.0
l[4|3|44],10.0
l[4|3|45],10.0
l[4|3|46],10.0
l[4|3|47],10.0
l[4|3|48],10.0
l[4|3|49],10.0
l[4|3|50],10.0
l[4|3|51],10.0
l[4|3|52],10.0
l[4|3|53],10.0
l[4|3|54],10.0
l[4|3|55],10.0
l[4|3|56],10.0
l[4|3|57],10.0
l[4|3|58],10.0
l[4|3|59],10.0
l[4|3|60],10.0
l[4|3|61],10.0
l[4|3|62],10.0
l[4|3|63],10.0
l[4|3|64],10.0
l[4|3|65],10.0
l[4|3|66],10.0
l[4|3|67],10.0
l[4|3|68],10.0
l[4|3|69],10.0
l[4|3|70],10.0
l[4|3|71],10.0
l[4|3|72],10.0
l[4|3|73],10.0
l[4|3|74],10.0
l[4|3|75],10.0
l[4|3|76],10.0
l[4|3|77],10.0
l[4|3|78],10.0
l[4|3|79],10.0
l[4|3|80],10.0
l[4|3|81],10.0
l[4|3|82],10.0
l[4|3|83],10.0
l[4|3|84],10.0
l[4|3|85],10.0
l[4|3|86],10.0
l[4|3|87],10.0
l[4|3|88],10.0
l[4|3|89],10.0
l[4|3|90],10.0
l[4|3|91],10.0
l[4|3|92],10.0
l[4|3|93],10.0
l[4|3|94],10.0
l[4|3|95],10.0
l[4|3|96],10.0
l[4|4|1],10.0
l[4|4|2],10.0
l[4|4|3],10.0
l[4|4|4],10.0
l[4|4|5],10.0
l[4|4|6],10.0
l[4|4|7],10.0
l[4|4|8],10.0
l[4|4|9],10.0
l[4|4|10],10.0
l[4|4|11],10.0
l[4|4|12],10.0
l[4|4|13],10.0
l[4|4|14],10.0
l[4|4|15],10.0
l[4|4|16],10.0
l[4|4|17],10.0
l[4|4|18],10.0
l[4|4|19],10.0
l[4|4|20],10.0
l[4|4|21],10.0
l[4|4|22],10.0
l[4|4|23],10.0
l[4|4|24],10.0
l[4|4|25],10.0
l[4|4|26],10.0
l[4|4|27],10.0
l[4|4|28],10.0
l[4|4|29],10.0
l[4|4|30],10.0
l[4|4|31],10.0
l[4|4|32],10.0
l[4|4|33],10.0
l[4|4|34],10.0
l[4|4|35],10.0
l[4|4|36],10.0
l[4|4|37],10.0
l[4|4|38],10.0
l[4|4|39],10.0
l[4|4|40],10.0
l[4|4|41],10.0
l[4|4|42],10.0
l[4|4|43],10.0
l[4|4|44],10.0
l[4|4|45],10.0
l[4|4|46],10.0
l[4|4|47],10.0
l[4|4|48],10.0
l[4|4|49],10.0
l[4|4|50],10.0
l[4|4|51],10.0
l[4|4|52],10.0
l[4|4|53],10.0
l[4|4|54],10.0
l[4|4|55],10.0
l[4|4|56],10.0
l[4|4|57],10.0
l[4|4|58],10.0
l[4|4|59],10.0
l[4|4|60],10.0
l[4|4|61],10.0
l[4|4|62],10.0
l[4|4|63],10.0
l[4|4|64],10.0
l[4|4|65],10.0
l[4|4|66],10.0
l[4|4|67],10.0
l[4|4|68],10.0
l[4|4|69],10.0
l[4|4|70],10.0
l[4|4|71],10.0
l[4|4|72],10.0
l[4|4|73],10.0
l[4|4|74],10.0
l[4|4|75],10.0
l[4|4|76],10.0
l[4|4|77],10.0
l[4|4|78],10.0
l[4|4|79],10.0
l[4|4|80],10.0
l[4|4|81],10.0
l[4|4|82],10.0
l[4|4|83],10.0
l[4|4|84],10.0
l[4|4|85],10.0
l[4|4|86],10.0
l[4|4|87],10.0
l[4|4|88],10.0
l[4|4|89],10.0
l[4|4|90],10.0
l[4|4|91],10.0
l[4|4|92],10.0
l[4|4|93],10.0
l[4|4|94],10.0
l[4|4|95],10.0
l[4|4|96],10.0
l[4|5|1],10.0
l[4|5|2],10.0
l[4|5|3],10.0
l[4|5|4],10.0
l[4|5|5],10.0
l[4|5|6],10.0
l[4|5|7],10.0
l[4|5|8],10.0
l[4|5|9],10.0
l[4|5|10],10.0
l[4|5|11],10.0
l[4|5|12],10.0
l[4|5|13],10.0
l[4|5|14],10.0
l[4|5|15],10.0
l[4|5|16],10.0
l[4|5|17],10.0
l[4|5|18],10.0
l[4|5|19],10.0
l[4|5|20],10.0
l[4|5|21],10.0
l[4|5|22],10.0
l[4|5|23],10.0
l[4|5|24],10.0
l[4|5|25],10.0
l[4|5|26],10.0
l[4|5|27],10.0
l[4|5|28],10.0
l[4|5|29],10.0
l[4|5|30],10.0
l[4|5|31],10.0
l[4|5|32],10.0
l[4|5|33],10.0
l[4|5|34],10.0
l[4|5|35],10.0
l[4|5|36],10.0
l[4|5|37],10.0
l[4|5|38],10.0
l[4|5|39],10.0
l[4|5|40],10.0
l[4|5|41],10.0
l[4|5|42],10.0
l[4|5|43],10.0
l[4|5|44],10.0
l[4|5|45],10.0
l[4|5|46],10.0
l[4|5|47],10.0
l[4|5|48],10.0
l[4|5|49],10.0
l[4|5|50],10.0
l[4|5|51],10.0
l[4|5|52],10.0
l[4|5|53],10.0
l[4|5|54],10.0
l[4|5|55],10.0
l[4|5|56],10.0
l[4|5|57],10.0
l[4|5|58],10.0
l[4|5|59],10.0
l[4|5|60],10.0
l[4|5|61],10.0
l[4|5|62],10.0
l[4|5|63],10.0
l[4|5|64],10.0
l[4|5|65],10.0
l[4|5|66],10.0
l[4|5|67],10.0
l[4|5|68],10.0
l[4|5|69],10.0
l[4|5|70],10.0
l[4|5|71],10.0
l[4|5|72],10.0
l[4|5|73],10.0
l[4|5|74],10.0
l[4|5|75],10.0
l[4|5|76],10.0
l[4|5|77],10.0
l[4|5|78],10.0
l[4|5|79],10.0
l[4|5|80],10.0
l[4|5|81],10.0
l[4|5|82],10.0
l[4|5|83],10.0
l[4|5|84],10.0
l[4|5|85],10.0
l[4|5|86],10.0
l[4|5|87],10.0
l[4|5|88],10.0
l[4|5|89],10.0
l[4|5|90],10.0
l[4|5|91],10.0
l[4|5|92],10.0
l[4|5|93],10.0
l[4|5|94],10.0
l[4|5|95],10.0
l[4|5|96],10.0
l[4|6|1],10.0
l[4|6|2],10.0
l[4|6|3],10.0
l[4|6|4],10.0
l[4|6|5],10.0
l[4|6|6],10.0
l[4|6|7],10.0
l[4|6|8],10.0
l[4|6|9],10.0
l[4|6|10],10.0
l[4|6|11],10.0
l[4|6|12],10.0
l[4|6|13],10.0
l[4|6|14],10.0
l[4|6|15],10.0
l[4|6|16],10.0
l[4|6|17],10.0
l[4|6|18],10.0
l[4|6|19],10.0
l[4|6|20],10.0
l[4|6|21],10.0
l[4|6|22],10.0
l[4|6|23],10.0
l[4|6|24],10.0
l[4|6|25],10.0
l[4|6|26],10.0
l[4|6|27],10.0
l[4|6|28],10.0
l[4|6|29],10.0
l[4|6|30],10.0
l[4|6|31],10.0
l[4|6|32],10.0
l[4|6|33],10.0
l[4|6|34],10.0
l[4|6|35],10.0
l[4|6|36],10.0
l[4|6|37],10.0
l[4|6|38],10.0
l[4|6|39],10.0
l[4|6|40],10.0
l[4|6|41],10.0
l[4|6|42],10.0
l[4|6|43],10.0
l[4|6|44],10.0
l[4|6|45],10.0
l[4|6|46],10.0
l[4|6|47],10.0
l[4|6|48],10.0
l[4|6|49],10.0
l[4|6|50],10.0
l[4|6|51],10.0
l[4|6|52],10.0
l[4|6|53],10.0
l[4|6|54],10.0
l[4|6|55],10.0
l[4|6|56],10.0
l[4|6|57],10.0
l[4|6|58],10.0
l[4|6|59],10.0
l[4|6|60],10.0
l[4|6|61],10.0
l[4|6|62],10.0
l[4|6|63],10.0
l[4|6|64],10.0
l[4|6|65],10.0
l[4|6|66],10.0
l[4|6|67],10.0
l[4|6|68],10.0
l[4|6|69],10.0
l[4|6|70],10.0
l[4|6|71],10.0
l[4|6|72],10.0
l[4|6|73],10.0
l[4|6|74],10.0
l[4|6|75],10.0
l[4|6|76],10.0
l[4|6|77],10.0
l[4|6|78],10.0
l[4|6|79],10.0
l[4|6|80],10.0
l[4|6|81],10.0
l[4|6|82],10.0
l[4|6|83],10.0
l[4|6|84],10.0
l[4|6|85],10.0
l[4|6|86],10.0
l[4|6|87],10.0
l[4|6|88],10.0
l[4|6|89],10.0
l[4|6|90],10.0
l[4|6|91],10.0
l[4|6|92],10.0
l[4|6|93],10.0
l[4|6|94],10.0
l[4|6|95],10.0
l[4|6|96],10.0
l[4|7|1],10.0
l[4|7|2],10.0
l[4|7|3],10.0
l[4|7|4],10.0
l[4|7|5],10.0
l[4|7|6],10.0
l[4|7|7],10.0
l[4|7|8],10.0
l[4|7|9],10.0
l[4|7|10],10.0
l[4|7|11],10.0
l[4|7|12],10.0
l[4|7|13],10.0
l[4|7|14],10.0
l[4|7|15],10.0
l[4|7|16],10.0
l[4|7|17],10.0
l[4|7|18],10.0
l[4|7|19],10.0
l[4|7|20],10.0
l[4|7|21],10.0
l[4|7|22],10.0
l[4|7|23],10.0
l[4|7|24],10.0
l[4|7|25],10.0
l[4|7|26],10.0
l[4|7|27],10.0
l[4|7|28],10.0
l[4|7|29],10.0
l[4|7|30],10.0
l[4|7|31],10.0
l[4|7|32],10.0
l[4|7|33],10.0
l[4|7|34],10.0
l[4|7|35],10.0
l[4|7|36],10.0
l[4|7|37],10.0
l[4|7|38],10.0
l[4|7|39],10.0
l[4|7|40],10.0
l[4|7|41],10.0
l[4|7|42],10.0
l[4|7|43],10.0
l[4|7|44],10.0
l[4|7|45],10.0
l[4|7|46],10.0
l[4|7|47],10.0
l[4|7|48],10.0
l[4|7|49],10.0
l[4|7|50],10.0
l[4|7|51],10.0
l[4|7|52],10.0
l[4|7|53],10.0
l[4|7|54],10.0
l[4|7|55],10.0
l[4|7|56],10.0
l[4|7|57],10.0
l[4|7|58],10.0
l[4|7|59],10.0
l[4|7|60],10.0
l[4|7|61],10.0
l[4|7|62],10.0
l[4|7|63],10.0
l[4|7|64],10.0
l[4|7|65],10.0
l[4|7|66],10.0
l[4|7|67],10.0
l[4|7|68],10.0
l[4|7|69],10.0
l[4|7|70],10.0
l[4|7|71],10.0
l[4|7|72],10.0
l[4|7|73],10.0
l[4|7|74],10.0
l[4|7|75],10.0
l[4|7|76],10.0
l[4|7|77],10.0
l[4|7|78],10.0
l[4|7|79],10.0
l[4|7|80],10.0
l[4|7|81],10.0
l[4|7|82],10.0
l[4|7|83],10.0
l[4|7|84],10.0
l[4|7|85],10.0
l[4|7|86],10.0
l[4|7|87],10.0
l[4|7|88],10.0
l[4|7|89],10.0
l[4|7|90],10.0
l[4|7|91],10.0
l[4|7|92],10.0
l[4|7|93],10.0
l[4|7|94],10.0
l[4|7|95],10.0
l[4|7|96],10.0
